Model,DPO4034,,
Firmware Version,2.28,,
Time, C1, C2, C3
-8.36000e-02,0.479172,0.00209844,0.202813
-8.35980e-02,0.479313,0.00194219,0.202813
-8.35960e-02,0.479313,0.00180156,0.202750
-8.35940e-02,0.479313,0.00191875,0.202770
-8.35920e-02,0.478969,0.00184531,0.202750